-- Generated from seed/groups.json, seed/teams.json and seed/matches.json.
-- Keeps a fresh Docker database aligned with the versioned World Cup schedule.

insert into groups (id, name) values
  ('A', 'Grupo A'),
  ('B', 'Grupo B'),
  ('C', 'Grupo C'),
  ('D', 'Grupo D'),
  ('E', 'Grupo E'),
  ('F', 'Grupo F'),
  ('G', 'Grupo G'),
  ('H', 'Grupo H'),
  ('I', 'Grupo I'),
  ('J', 'Grupo J'),
  ('K', 'Grupo K'),
  ('L', 'Grupo L')
on conflict (id) do update set name = excluded.name;

insert into teams (code, name, group_id, flag_url) values
  ('MEX', 'Mexico', 'A', null),
  ('RSA', 'South Africa', 'A', null),
  ('KOR', 'South Korea', 'A', null),
  ('CZE', 'Czechia', 'A', null),
  ('CAN', 'Canada', 'B', null),
  ('BIH', 'Bosnia and Herzegovina', 'B', null),
  ('QAT', 'Qatar', 'B', null),
  ('SUI', 'Switzerland', 'B', null),
  ('BRA', 'Brazil', 'C', null),
  ('MAR', 'Morocco', 'C', null),
  ('HAI', 'Haiti', 'C', null),
  ('SCO', 'Scotland', 'C', null),
  ('USA', 'United States', 'D', null),
  ('PAR', 'Paraguay', 'D', null),
  ('AUS', 'Australia', 'D', null),
  ('TUR', 'Turkey', 'D', null),
  ('GER', 'Germany', 'E', null),
  ('CUW', 'Curacao', 'E', null),
  ('CIV', 'Ivory Coast', 'E', null),
  ('ECU', 'Ecuador', 'E', null),
  ('NED', 'Netherlands', 'F', null),
  ('JPN', 'Japan', 'F', null),
  ('SWE', 'Sweden', 'F', null),
  ('TUN', 'Tunisia', 'F', null),
  ('BEL', 'Belgium', 'G', null),
  ('EGY', 'Egypt', 'G', null),
  ('IRN', 'Iran', 'G', null),
  ('NZL', 'New Zealand', 'G', null),
  ('ESP', 'Spain', 'H', null),
  ('CPV', 'Cape Verde', 'H', null),
  ('KSA', 'Saudi Arabia', 'H', null),
  ('URU', 'Uruguay', 'H', null),
  ('FRA', 'France', 'I', null),
  ('SEN', 'Senegal', 'I', null),
  ('IRQ', 'Iraq', 'I', null),
  ('NOR', 'Norway', 'I', null),
  ('ARG', 'Argentina', 'J', null),
  ('ALG', 'Algeria', 'J', null),
  ('AUT', 'Austria', 'J', null),
  ('JOR', 'Jordan', 'J', null),
  ('POR', 'Portugal', 'K', null),
  ('COD', 'DR Congo', 'K', null),
  ('UZB', 'Uzbekistan', 'K', null),
  ('COL', 'Colombia', 'K', null),
  ('ENG', 'England', 'L', null),
  ('CRO', 'Croatia', 'L', null),
  ('GHA', 'Ghana', 'L', null),
  ('PAN', 'Panama', 'L', null)
on conflict (code, group_id) do update set
  name = excluded.name,
  flag_url = excluded.flag_url;

insert into matches (
  external_id,
  fifa_match_number,
  stage,
  stage_label,
  group_name,
  home_team_id,
  away_team_id,
  home_slot_label,
  away_slot_label,
  kickoff_at_utc,
  stadium,
  city,
  country,
  status,
  home_score,
  away_score
) values
  ('wc2026-001', 1, 'group', 'Grupo A', 'A', (select id from teams where code = 'MEX' and group_id = 'A' order by created_at asc limit 1), (select id from teams where code = 'RSA' and group_id = 'A' order by created_at asc limit 1), null, null, '2026-06-11T23:00:00Z', 'Estadio Azteca', 'Mexico City', 'Mexico', 'scheduled', null, null),
  ('wc2026-002', 2, 'group', 'Grupo A', 'A', (select id from teams where code = 'KOR' and group_id = 'A' order by created_at asc limit 1), (select id from teams where code = 'CZE' and group_id = 'A' order by created_at asc limit 1), null, null, '2026-06-12T02:00:00Z', 'Estadio Guadalajara', 'Guadalajara', 'Mexico', 'scheduled', null, null),
  ('wc2026-003', 3, 'group', 'Grupo B', 'B', (select id from teams where code = 'CAN' and group_id = 'B' order by created_at asc limit 1), (select id from teams where code = 'BIH' and group_id = 'B' order by created_at asc limit 1), null, null, '2026-06-12T12:00:00Z', 'Toronto Stadium', 'Toronto', 'Canada', 'scheduled', null, null),
  ('wc2026-004', 4, 'group', 'Grupo D', 'D', (select id from teams where code = 'USA' and group_id = 'D' order by created_at asc limit 1), (select id from teams where code = 'PAR' and group_id = 'D' order by created_at asc limit 1), null, null, '2026-06-12T22:00:00Z', 'Los Angeles Stadium', 'Los Angeles', 'United States', 'scheduled', null, null),
  ('wc2026-005', 5, 'group', 'Grupo C', 'C', (select id from teams where code = 'HAI' and group_id = 'C' order by created_at asc limit 1), (select id from teams where code = 'SCO' and group_id = 'C' order by created_at asc limit 1), null, null, '2026-06-13T12:00:00Z', 'Boston Stadium', 'Boston', 'United States', 'scheduled', null, null),
  ('wc2026-006', 6, 'group', 'Grupo D', 'D', (select id from teams where code = 'AUS' and group_id = 'D' order by created_at asc limit 1), (select id from teams where code = 'TUR' and group_id = 'D' order by created_at asc limit 1), null, null, '2026-06-13T15:00:00Z', 'BC Place Vancouver', 'Vancouver', 'Canada', 'scheduled', null, null),
  ('wc2026-007', 7, 'group', 'Grupo C', 'C', (select id from teams where code = 'BRA' and group_id = 'C' order by created_at asc limit 1), (select id from teams where code = 'MAR' and group_id = 'C' order by created_at asc limit 1), null, null, '2026-06-13T18:00:00Z', 'New York New Jersey Stadium', 'East Rutherford', 'United States', 'scheduled', null, null),
  ('wc2026-008', 8, 'group', 'Grupo B', 'B', (select id from teams where code = 'QAT' and group_id = 'B' order by created_at asc limit 1), (select id from teams where code = 'SUI' and group_id = 'B' order by created_at asc limit 1), null, null, '2026-06-13T21:00:00Z', 'San Francisco Bay Area Stadium', 'Santa Clara', 'United States', 'scheduled', null, null),
  ('wc2026-009', 9, 'group', 'Grupo E', 'E', (select id from teams where code = 'CIV' and group_id = 'E' order by created_at asc limit 1), (select id from teams where code = 'ECU' and group_id = 'E' order by created_at asc limit 1), null, null, '2026-06-14T12:00:00Z', 'Philadelphia Stadium', 'Philadelphia', 'United States', 'scheduled', null, null),
  ('wc2026-010', 10, 'group', 'Grupo E', 'E', (select id from teams where code = 'GER' and group_id = 'E' order by created_at asc limit 1), (select id from teams where code = 'CUW' and group_id = 'E' order by created_at asc limit 1), null, null, '2026-06-14T15:00:00Z', 'Houston Stadium', 'Houston', 'United States', 'scheduled', null, null),
  ('wc2026-011', 11, 'group', 'Grupo F', 'F', (select id from teams where code = 'NED' and group_id = 'F' order by created_at asc limit 1), (select id from teams where code = 'JPN' and group_id = 'F' order by created_at asc limit 1), null, null, '2026-06-14T18:00:00Z', 'Dallas Stadium', 'Arlington', 'United States', 'scheduled', null, null),
  ('wc2026-012', 12, 'group', 'Grupo F', 'F', (select id from teams where code = 'SWE' and group_id = 'F' order by created_at asc limit 1), (select id from teams where code = 'TUN' and group_id = 'F' order by created_at asc limit 1), null, null, '2026-06-14T21:00:00Z', 'Estadio Monterrey', 'Monterrey', 'Mexico', 'scheduled', null, null),
  ('wc2026-013', 13, 'group', 'Grupo H', 'H', (select id from teams where code = 'KSA' and group_id = 'H' order by created_at asc limit 1), (select id from teams where code = 'URU' and group_id = 'H' order by created_at asc limit 1), null, null, '2026-06-15T12:00:00Z', 'Miami Stadium', 'Miami', 'United States', 'scheduled', null, null),
  ('wc2026-014', 14, 'group', 'Grupo H', 'H', (select id from teams where code = 'ESP' and group_id = 'H' order by created_at asc limit 1), (select id from teams where code = 'CPV' and group_id = 'H' order by created_at asc limit 1), null, null, '2026-06-15T20:00:00Z', 'Atlanta Stadium', 'Atlanta', 'United States', 'scheduled', null, null),
  ('wc2026-015', 15, 'group', 'Grupo G', 'G', (select id from teams where code = 'IRN' and group_id = 'G' order by created_at asc limit 1), (select id from teams where code = 'NZL' and group_id = 'G' order by created_at asc limit 1), null, null, '2026-06-15T18:00:00Z', 'Los Angeles Stadium', 'Los Angeles', 'United States', 'scheduled', null, null),
  ('wc2026-016', 16, 'group', 'Grupo G', 'G', (select id from teams where code = 'BEL' and group_id = 'G' order by created_at asc limit 1), (select id from teams where code = 'EGY' and group_id = 'G' order by created_at asc limit 1), null, null, '2026-06-15T21:00:00Z', 'Seattle Stadium', 'Seattle', 'United States', 'scheduled', null, null),
  ('wc2026-017', 17, 'group', 'Grupo I', 'I', (select id from teams where code = 'FRA' and group_id = 'I' order by created_at asc limit 1), (select id from teams where code = 'SEN' and group_id = 'I' order by created_at asc limit 1), null, null, '2026-06-16T19:00:00Z', 'New York New Jersey Stadium', 'East Rutherford', 'United States', 'scheduled', null, null),
  ('wc2026-018', 18, 'group', 'Grupo I', 'I', (select id from teams where code = 'IRQ' and group_id = 'I' order by created_at asc limit 1), (select id from teams where code = 'NOR' and group_id = 'I' order by created_at asc limit 1), null, null, '2026-06-16T15:00:00Z', 'Boston Stadium', 'Boston', 'United States', 'scheduled', null, null),
  ('wc2026-019', 19, 'group', 'Grupo J', 'J', (select id from teams where code = 'ARG' and group_id = 'J' order by created_at asc limit 1), (select id from teams where code = 'ALG' and group_id = 'J' order by created_at asc limit 1), null, null, '2026-06-16T18:00:00Z', 'Kansas City Stadium', 'Kansas City', 'United States', 'scheduled', null, null),
  ('wc2026-020', 20, 'group', 'Grupo J', 'J', (select id from teams where code = 'AUT' and group_id = 'J' order by created_at asc limit 1), (select id from teams where code = 'JOR' and group_id = 'J' order by created_at asc limit 1), null, null, '2026-06-16T21:00:00Z', 'San Francisco Bay Area Stadium', 'Santa Clara', 'United States', 'scheduled', null, null),
  ('wc2026-021', 21, 'group', 'Grupo L', 'L', (select id from teams where code = 'GHA' and group_id = 'L' order by created_at asc limit 1), (select id from teams where code = 'PAN' and group_id = 'L' order by created_at asc limit 1), null, null, '2026-06-17T12:00:00Z', 'Toronto Stadium', 'Toronto', 'Canada', 'scheduled', null, null),
  ('wc2026-022', 22, 'group', 'Grupo L', 'L', (select id from teams where code = 'ENG' and group_id = 'L' order by created_at asc limit 1), (select id from teams where code = 'CRO' and group_id = 'L' order by created_at asc limit 1), null, null, '2026-06-17T15:00:00Z', 'Dallas Stadium', 'Arlington', 'United States', 'scheduled', null, null),
  ('wc2026-023', 23, 'group', 'Grupo K', 'K', (select id from teams where code = 'POR' and group_id = 'K' order by created_at asc limit 1), (select id from teams where code = 'COD' and group_id = 'K' order by created_at asc limit 1), null, null, '2026-06-17T18:00:00Z', 'Houston Stadium', 'Houston', 'United States', 'scheduled', null, null),
  ('wc2026-024', 24, 'group', 'Grupo K', 'K', (select id from teams where code = 'UZB' and group_id = 'K' order by created_at asc limit 1), (select id from teams where code = 'COL' and group_id = 'K' order by created_at asc limit 1), null, null, '2026-06-17T21:00:00Z', 'Mexico City Stadium', 'Mexico City', 'Mexico', 'scheduled', null, null),
  ('wc2026-025', 25, 'group', 'Grupo A', 'A', (select id from teams where code = 'CZE' and group_id = 'A' order by created_at asc limit 1), (select id from teams where code = 'RSA' and group_id = 'A' order by created_at asc limit 1), null, null, '2026-06-18T12:00:00Z', 'Atlanta Stadium', 'Atlanta', 'United States', 'scheduled', null, null),
  ('wc2026-026', 26, 'group', 'Grupo B', 'B', (select id from teams where code = 'SUI' and group_id = 'B' order by created_at asc limit 1), (select id from teams where code = 'BIH' and group_id = 'B' order by created_at asc limit 1), null, null, '2026-06-18T15:00:00Z', 'Los Angeles Stadium', 'Los Angeles', 'United States', 'scheduled', null, null),
  ('wc2026-027', 27, 'group', 'Grupo B', 'B', (select id from teams where code = 'CAN' and group_id = 'B' order by created_at asc limit 1), (select id from teams where code = 'QAT' and group_id = 'B' order by created_at asc limit 1), null, null, '2026-06-18T18:00:00Z', 'BC Place Vancouver', 'Vancouver', 'Canada', 'scheduled', null, null),
  ('wc2026-028', 28, 'group', 'Grupo A', 'A', (select id from teams where code = 'MEX' and group_id = 'A' order by created_at asc limit 1), (select id from teams where code = 'KOR' and group_id = 'A' order by created_at asc limit 1), null, null, '2026-06-18T21:00:00Z', 'Estadio Guadalajara', 'Guadalajara', 'Mexico', 'scheduled', null, null),
  ('wc2026-029', 29, 'group', 'Grupo C', 'C', (select id from teams where code = 'BRA' and group_id = 'C' order by created_at asc limit 1), (select id from teams where code = 'HAI' and group_id = 'C' order by created_at asc limit 1), null, null, '2026-06-19T12:00:00Z', 'Philadelphia Stadium', 'Philadelphia', 'United States', 'scheduled', null, null),
  ('wc2026-030', 30, 'group', 'Grupo C', 'C', (select id from teams where code = 'SCO' and group_id = 'C' order by created_at asc limit 1), (select id from teams where code = 'MAR' and group_id = 'C' order by created_at asc limit 1), null, null, '2026-06-19T15:00:00Z', 'Boston Stadium', 'Boston', 'United States', 'scheduled', null, null),
  ('wc2026-031', 31, 'group', 'Grupo D', 'D', (select id from teams where code = 'TUR' and group_id = 'D' order by created_at asc limit 1), (select id from teams where code = 'PAR' and group_id = 'D' order by created_at asc limit 1), null, null, '2026-06-19T18:00:00Z', 'San Francisco Bay Area Stadium', 'Santa Clara', 'United States', 'scheduled', null, null),
  ('wc2026-032', 32, 'group', 'Grupo D', 'D', (select id from teams where code = 'USA' and group_id = 'D' order by created_at asc limit 1), (select id from teams where code = 'AUS' and group_id = 'D' order by created_at asc limit 1), null, null, '2026-06-19T21:00:00Z', 'Seattle Stadium', 'Seattle', 'United States', 'scheduled', null, null),
  ('wc2026-033', 33, 'group', 'Grupo E', 'E', (select id from teams where code = 'GER' and group_id = 'E' order by created_at asc limit 1), (select id from teams where code = 'CIV' and group_id = 'E' order by created_at asc limit 1), null, null, '2026-06-20T12:00:00Z', 'Toronto Stadium', 'Toronto', 'Canada', 'scheduled', null, null),
  ('wc2026-034', 34, 'group', 'Grupo E', 'E', (select id from teams where code = 'ECU' and group_id = 'E' order by created_at asc limit 1), (select id from teams where code = 'CUW' and group_id = 'E' order by created_at asc limit 1), null, null, '2026-06-20T15:00:00Z', 'Kansas City Stadium', 'Kansas City', 'United States', 'scheduled', null, null),
  ('wc2026-035', 35, 'group', 'Grupo F', 'F', (select id from teams where code = 'NED' and group_id = 'F' order by created_at asc limit 1), (select id from teams where code = 'SWE' and group_id = 'F' order by created_at asc limit 1), null, null, '2026-06-20T18:00:00Z', 'Houston Stadium', 'Houston', 'United States', 'scheduled', null, null),
  ('wc2026-036', 36, 'group', 'Grupo F', 'F', (select id from teams where code = 'TUN' and group_id = 'F' order by created_at asc limit 1), (select id from teams where code = 'JPN' and group_id = 'F' order by created_at asc limit 1), null, null, '2026-06-20T21:00:00Z', 'Estadio Monterrey', 'Monterrey', 'Mexico', 'scheduled', null, null),
  ('wc2026-037', 37, 'group', 'Grupo H', 'H', (select id from teams where code = 'URU' and group_id = 'H' order by created_at asc limit 1), (select id from teams where code = 'CPV' and group_id = 'H' order by created_at asc limit 1), null, null, '2026-06-21T12:00:00Z', 'Miami Stadium', 'Miami', 'United States', 'scheduled', null, null),
  ('wc2026-038', 38, 'group', 'Grupo H', 'H', (select id from teams where code = 'ESP' and group_id = 'H' order by created_at asc limit 1), (select id from teams where code = 'KSA' and group_id = 'H' order by created_at asc limit 1), null, null, '2026-06-21T15:00:00Z', 'Atlanta Stadium', 'Atlanta', 'United States', 'scheduled', null, null),
  ('wc2026-039', 39, 'group', 'Grupo G', 'G', (select id from teams where code = 'BEL' and group_id = 'G' order by created_at asc limit 1), (select id from teams where code = 'IRN' and group_id = 'G' order by created_at asc limit 1), null, null, '2026-06-21T18:00:00Z', 'Los Angeles Stadium', 'Los Angeles', 'United States', 'scheduled', null, null),
  ('wc2026-040', 40, 'group', 'Grupo G', 'G', (select id from teams where code = 'NZL' and group_id = 'G' order by created_at asc limit 1), (select id from teams where code = 'EGY' and group_id = 'G' order by created_at asc limit 1), null, null, '2026-06-21T21:00:00Z', 'BC Place Vancouver', 'Vancouver', 'Canada', 'scheduled', null, null),
  ('wc2026-041', 41, 'group', 'Grupo I', 'I', (select id from teams where code = 'NOR' and group_id = 'I' order by created_at asc limit 1), (select id from teams where code = 'SEN' and group_id = 'I' order by created_at asc limit 1), null, null, '2026-06-22T12:00:00Z', 'New York New Jersey Stadium', 'East Rutherford', 'United States', 'scheduled', null, null),
  ('wc2026-042', 42, 'group', 'Grupo I', 'I', (select id from teams where code = 'FRA' and group_id = 'I' order by created_at asc limit 1), (select id from teams where code = 'IRQ' and group_id = 'I' order by created_at asc limit 1), null, null, '2026-06-22T15:00:00Z', 'Philadelphia Stadium', 'Philadelphia', 'United States', 'scheduled', null, null),
  ('wc2026-043', 43, 'group', 'Grupo J', 'J', (select id from teams where code = 'ARG' and group_id = 'J' order by created_at asc limit 1), (select id from teams where code = 'AUT' and group_id = 'J' order by created_at asc limit 1), null, null, '2026-06-22T18:00:00Z', 'Dallas Stadium', 'Arlington', 'United States', 'scheduled', null, null),
  ('wc2026-044', 44, 'group', 'Grupo J', 'J', (select id from teams where code = 'JOR' and group_id = 'J' order by created_at asc limit 1), (select id from teams where code = 'ALG' and group_id = 'J' order by created_at asc limit 1), null, null, '2026-06-22T21:00:00Z', 'San Francisco Bay Area Stadium', 'Santa Clara', 'United States', 'scheduled', null, null),
  ('wc2026-045', 45, 'group', 'Grupo L', 'L', (select id from teams where code = 'ENG' and group_id = 'L' order by created_at asc limit 1), (select id from teams where code = 'GHA' and group_id = 'L' order by created_at asc limit 1), null, null, '2026-06-23T12:00:00Z', 'Boston Stadium', 'Boston', 'United States', 'scheduled', null, null),
  ('wc2026-046', 46, 'group', 'Grupo L', 'L', (select id from teams where code = 'PAN' and group_id = 'L' order by created_at asc limit 1), (select id from teams where code = 'CRO' and group_id = 'L' order by created_at asc limit 1), null, null, '2026-06-23T15:00:00Z', 'Toronto Stadium', 'Toronto', 'Canada', 'scheduled', null, null),
  ('wc2026-047', 47, 'group', 'Grupo K', 'K', (select id from teams where code = 'POR' and group_id = 'K' order by created_at asc limit 1), (select id from teams where code = 'UZB' and group_id = 'K' order by created_at asc limit 1), null, null, '2026-06-23T18:00:00Z', 'Houston Stadium', 'Houston', 'United States', 'scheduled', null, null),
  ('wc2026-048', 48, 'group', 'Grupo K', 'K', (select id from teams where code = 'COL' and group_id = 'K' order by created_at asc limit 1), (select id from teams where code = 'COD' and group_id = 'K' order by created_at asc limit 1), null, null, '2026-06-23T21:00:00Z', 'Estadio Guadalajara', 'Guadalajara', 'Mexico', 'scheduled', null, null),
  ('wc2026-049', 49, 'group', 'Grupo C', 'C', (select id from teams where code = 'SCO' and group_id = 'C' order by created_at asc limit 1), (select id from teams where code = 'BRA' and group_id = 'C' order by created_at asc limit 1), null, null, '2026-06-24T12:00:00Z', 'Miami Stadium', 'Miami', 'United States', 'scheduled', null, null),
  ('wc2026-050', 50, 'group', 'Grupo C', 'C', (select id from teams where code = 'MAR' and group_id = 'C' order by created_at asc limit 1), (select id from teams where code = 'HAI' and group_id = 'C' order by created_at asc limit 1), null, null, '2026-06-24T14:00:00Z', 'Atlanta Stadium', 'Atlanta', 'United States', 'scheduled', null, null),
  ('wc2026-051', 51, 'group', 'Grupo B', 'B', (select id from teams where code = 'SUI' and group_id = 'B' order by created_at asc limit 1), (select id from teams where code = 'CAN' and group_id = 'B' order by created_at asc limit 1), null, null, '2026-06-24T16:00:00Z', 'BC Place Vancouver', 'Vancouver', 'Canada', 'scheduled', null, null),
  ('wc2026-052', 52, 'group', 'Grupo B', 'B', (select id from teams where code = 'BIH' and group_id = 'B' order by created_at asc limit 1), (select id from teams where code = 'QAT' and group_id = 'B' order by created_at asc limit 1), null, null, '2026-06-24T18:00:00Z', 'Seattle Stadium', 'Seattle', 'United States', 'scheduled', null, null),
  ('wc2026-053', 53, 'group', 'Grupo A', 'A', (select id from teams where code = 'CZE' and group_id = 'A' order by created_at asc limit 1), (select id from teams where code = 'MEX' and group_id = 'A' order by created_at asc limit 1), null, null, '2026-06-24T20:00:00Z', 'Mexico City Stadium', 'Mexico City', 'Mexico', 'scheduled', null, null),
  ('wc2026-054', 54, 'group', 'Grupo A', 'A', (select id from teams where code = 'RSA' and group_id = 'A' order by created_at asc limit 1), (select id from teams where code = 'KOR' and group_id = 'A' order by created_at asc limit 1), null, null, '2026-06-24T22:00:00Z', 'Estadio Monterrey', 'Monterrey', 'Mexico', 'scheduled', null, null),
  ('wc2026-055', 55, 'group', 'Grupo E', 'E', (select id from teams where code = 'CUW' and group_id = 'E' order by created_at asc limit 1), (select id from teams where code = 'CIV' and group_id = 'E' order by created_at asc limit 1), null, null, '2026-06-25T12:00:00Z', 'Philadelphia Stadium', 'Philadelphia', 'United States', 'scheduled', null, null),
  ('wc2026-056', 56, 'group', 'Grupo E', 'E', (select id from teams where code = 'ECU' and group_id = 'E' order by created_at asc limit 1), (select id from teams where code = 'GER' and group_id = 'E' order by created_at asc limit 1), null, null, '2026-06-25T14:00:00Z', 'New York New Jersey Stadium', 'East Rutherford', 'United States', 'scheduled', null, null),
  ('wc2026-057', 57, 'group', 'Grupo F', 'F', (select id from teams where code = 'JPN' and group_id = 'F' order by created_at asc limit 1), (select id from teams where code = 'SWE' and group_id = 'F' order by created_at asc limit 1), null, null, '2026-06-25T16:00:00Z', 'Dallas Stadium', 'Arlington', 'United States', 'scheduled', null, null),
  ('wc2026-058', 58, 'group', 'Grupo F', 'F', (select id from teams where code = 'TUN' and group_id = 'F' order by created_at asc limit 1), (select id from teams where code = 'NED' and group_id = 'F' order by created_at asc limit 1), null, null, '2026-06-25T18:00:00Z', 'Kansas City Stadium', 'Kansas City', 'United States', 'scheduled', null, null),
  ('wc2026-059', 59, 'group', 'Grupo D', 'D', (select id from teams where code = 'TUR' and group_id = 'D' order by created_at asc limit 1), (select id from teams where code = 'USA' and group_id = 'D' order by created_at asc limit 1), null, null, '2026-06-25T20:00:00Z', 'Los Angeles Stadium', 'Los Angeles', 'United States', 'scheduled', null, null),
  ('wc2026-060', 60, 'group', 'Grupo D', 'D', (select id from teams where code = 'PAR' and group_id = 'D' order by created_at asc limit 1), (select id from teams where code = 'AUS' and group_id = 'D' order by created_at asc limit 1), null, null, '2026-06-25T22:00:00Z', 'San Francisco Bay Area Stadium', 'Santa Clara', 'United States', 'scheduled', null, null),
  ('wc2026-061', 61, 'group', 'Grupo I', 'I', (select id from teams where code = 'NOR' and group_id = 'I' order by created_at asc limit 1), (select id from teams where code = 'FRA' and group_id = 'I' order by created_at asc limit 1), null, null, '2026-06-26T12:00:00Z', 'Boston Stadium', 'Boston', 'United States', 'scheduled', null, null),
  ('wc2026-062', 62, 'group', 'Grupo I', 'I', (select id from teams where code = 'SEN' and group_id = 'I' order by created_at asc limit 1), (select id from teams where code = 'IRQ' and group_id = 'I' order by created_at asc limit 1), null, null, '2026-06-26T14:00:00Z', 'Toronto Stadium', 'Toronto', 'Canada', 'scheduled', null, null),
  ('wc2026-063', 63, 'group', 'Grupo G', 'G', (select id from teams where code = 'EGY' and group_id = 'G' order by created_at asc limit 1), (select id from teams where code = 'IRN' and group_id = 'G' order by created_at asc limit 1), null, null, '2026-06-26T16:00:00Z', 'Seattle Stadium', 'Seattle', 'United States', 'scheduled', null, null),
  ('wc2026-064', 64, 'group', 'Grupo G', 'G', (select id from teams where code = 'NZL' and group_id = 'G' order by created_at asc limit 1), (select id from teams where code = 'BEL' and group_id = 'G' order by created_at asc limit 1), null, null, '2026-06-26T18:00:00Z', 'BC Place Vancouver', 'Vancouver', 'Canada', 'scheduled', null, null),
  ('wc2026-065', 65, 'group', 'Grupo H', 'H', (select id from teams where code = 'CPV' and group_id = 'H' order by created_at asc limit 1), (select id from teams where code = 'KSA' and group_id = 'H' order by created_at asc limit 1), null, null, '2026-06-26T20:00:00Z', 'Houston Stadium', 'Houston', 'United States', 'scheduled', null, null),
  ('wc2026-066', 66, 'group', 'Grupo H', 'H', (select id from teams where code = 'URU' and group_id = 'H' order by created_at asc limit 1), (select id from teams where code = 'ESP' and group_id = 'H' order by created_at asc limit 1), null, null, '2026-06-26T22:00:00Z', 'Estadio Guadalajara', 'Guadalajara', 'Mexico', 'scheduled', null, null),
  ('wc2026-067', 67, 'group', 'Grupo L', 'L', (select id from teams where code = 'PAN' and group_id = 'L' order by created_at asc limit 1), (select id from teams where code = 'ENG' and group_id = 'L' order by created_at asc limit 1), null, null, '2026-06-27T12:00:00Z', 'New York New Jersey Stadium', 'East Rutherford', 'United States', 'scheduled', null, null),
  ('wc2026-068', 68, 'group', 'Grupo L', 'L', (select id from teams where code = 'CRO' and group_id = 'L' order by created_at asc limit 1), (select id from teams where code = 'GHA' and group_id = 'L' order by created_at asc limit 1), null, null, '2026-06-27T14:00:00Z', 'Philadelphia Stadium', 'Philadelphia', 'United States', 'scheduled', null, null),
  ('wc2026-069', 69, 'group', 'Grupo J', 'J', (select id from teams where code = 'ALG' and group_id = 'J' order by created_at asc limit 1), (select id from teams where code = 'AUT' and group_id = 'J' order by created_at asc limit 1), null, null, '2026-06-27T16:00:00Z', 'Kansas City Stadium', 'Kansas City', 'United States', 'scheduled', null, null),
  ('wc2026-070', 70, 'group', 'Grupo J', 'J', (select id from teams where code = 'JOR' and group_id = 'J' order by created_at asc limit 1), (select id from teams where code = 'ARG' and group_id = 'J' order by created_at asc limit 1), null, null, '2026-06-27T18:00:00Z', 'Dallas Stadium', 'Arlington', 'United States', 'scheduled', null, null),
  ('wc2026-071', 71, 'group', 'Grupo K', 'K', (select id from teams where code = 'COL' and group_id = 'K' order by created_at asc limit 1), (select id from teams where code = 'POR' and group_id = 'K' order by created_at asc limit 1), null, null, '2026-06-27T20:00:00Z', 'Miami Stadium', 'Miami', 'United States', 'scheduled', null, null),
  ('wc2026-072', 72, 'group', 'Grupo K', 'K', (select id from teams where code = 'COD' and group_id = 'K' order by created_at asc limit 1), (select id from teams where code = 'UZB' and group_id = 'K' order by created_at asc limit 1), null, null, '2026-06-27T22:00:00Z', 'Atlanta Stadium', 'Atlanta', 'United States', 'scheduled', null, null),
  ('wc2026-073', 73, 'round32', 'Round of 32', null, null, null, 'Classificado R32-01 A', 'Classificado R32-01 B', '2026-06-28T12:00:00Z', null, null, null, 'scheduled', null, null),
  ('wc2026-074', 74, 'round32', 'Round of 32', null, null, null, 'Classificado R32-02 A', 'Classificado R32-02 B', '2026-06-28T15:00:00Z', null, null, null, 'scheduled', null, null),
  ('wc2026-075', 75, 'round32', 'Round of 32', null, null, null, 'Classificado R32-03 A', 'Classificado R32-03 B', '2026-06-28T18:00:00Z', null, null, null, 'scheduled', null, null),
  ('wc2026-076', 76, 'round32', 'Round of 32', null, null, null, 'Classificado R32-04 A', 'Classificado R32-04 B', '2026-06-28T21:00:00Z', null, null, null, 'scheduled', null, null),
  ('wc2026-077', 77, 'round32', 'Round of 32', null, null, null, 'Classificado R32-05 A', 'Classificado R32-05 B', '2026-06-29T12:00:00Z', null, null, null, 'scheduled', null, null),
  ('wc2026-078', 78, 'round32', 'Round of 32', null, null, null, 'Classificado R32-06 A', 'Classificado R32-06 B', '2026-06-29T15:00:00Z', null, null, null, 'scheduled', null, null),
  ('wc2026-079', 79, 'round32', 'Round of 32', null, null, null, 'Classificado R32-07 A', 'Classificado R32-07 B', '2026-06-29T18:00:00Z', null, null, null, 'scheduled', null, null),
  ('wc2026-080', 80, 'round32', 'Round of 32', null, null, null, 'Classificado R32-08 A', 'Classificado R32-08 B', '2026-06-29T21:00:00Z', null, null, null, 'scheduled', null, null),
  ('wc2026-081', 81, 'round32', 'Round of 32', null, null, null, 'Classificado R32-09 A', 'Classificado R32-09 B', '2026-06-30T15:00:00Z', null, null, null, 'scheduled', null, null),
  ('wc2026-082', 82, 'round32', 'Round of 32', null, null, null, 'Classificado R32-10 A', 'Classificado R32-10 B', '2026-06-30T18:00:00Z', null, null, null, 'scheduled', null, null),
  ('wc2026-083', 83, 'round32', 'Round of 32', null, null, null, 'Classificado R32-11 A', 'Classificado R32-11 B', '2026-07-01T15:00:00Z', null, null, null, 'scheduled', null, null),
  ('wc2026-084', 84, 'round32', 'Round of 32', null, null, null, 'Classificado R32-12 A', 'Classificado R32-12 B', '2026-07-01T18:00:00Z', null, null, null, 'scheduled', null, null),
  ('wc2026-085', 85, 'round32', 'Round of 32', null, null, null, 'Classificado R32-13 A', 'Classificado R32-13 B', '2026-07-02T15:00:00Z', null, null, null, 'scheduled', null, null),
  ('wc2026-086', 86, 'round32', 'Round of 32', null, null, null, 'Classificado R32-14 A', 'Classificado R32-14 B', '2026-07-02T18:00:00Z', null, null, null, 'scheduled', null, null),
  ('wc2026-087', 87, 'round32', 'Round of 32', null, null, null, 'Classificado R32-15 A', 'Classificado R32-15 B', '2026-07-03T15:00:00Z', null, null, null, 'scheduled', null, null),
  ('wc2026-088', 88, 'round32', 'Round of 32', null, null, null, 'Classificado R32-16 A', 'Classificado R32-16 B', '2026-07-03T18:00:00Z', null, null, null, 'scheduled', null, null),
  ('wc2026-089', 89, 'round16', 'Oitavas', null, null, null, 'Vencedor R32-01', 'Vencedor R32-02', '2026-07-04T15:00:00Z', null, null, null, 'scheduled', null, null),
  ('wc2026-090', 90, 'round16', 'Oitavas', null, null, null, 'Vencedor R32-03', 'Vencedor R32-04', '2026-07-04T18:00:00Z', null, null, null, 'scheduled', null, null),
  ('wc2026-091', 91, 'round16', 'Oitavas', null, null, null, 'Vencedor R32-05', 'Vencedor R32-06', '2026-07-05T15:00:00Z', null, null, null, 'scheduled', null, null),
  ('wc2026-092', 92, 'round16', 'Oitavas', null, null, null, 'Vencedor R32-07', 'Vencedor R32-08', '2026-07-05T18:00:00Z', null, null, null, 'scheduled', null, null),
  ('wc2026-093', 93, 'round16', 'Oitavas', null, null, null, 'Vencedor R32-09', 'Vencedor R32-10', '2026-07-06T15:00:00Z', null, null, null, 'scheduled', null, null),
  ('wc2026-094', 94, 'round16', 'Oitavas', null, null, null, 'Vencedor R32-11', 'Vencedor R32-12', '2026-07-06T18:00:00Z', null, null, null, 'scheduled', null, null),
  ('wc2026-095', 95, 'round16', 'Oitavas', null, null, null, 'Vencedor R32-13', 'Vencedor R32-14', '2026-07-07T15:00:00Z', null, null, null, 'scheduled', null, null),
  ('wc2026-096', 96, 'round16', 'Oitavas', null, null, null, 'Vencedor R32-15', 'Vencedor R32-16', '2026-07-07T18:00:00Z', null, null, null, 'scheduled', null, null),
  ('wc2026-097', 97, 'quarterfinal', 'Quartas', null, null, null, 'Vencedor Oitavas 1', 'Vencedor Oitavas 2', '2026-07-09T18:00:00Z', null, null, null, 'scheduled', null, null),
  ('wc2026-098', 98, 'quarterfinal', 'Quartas', null, null, null, 'Vencedor Oitavas 3', 'Vencedor Oitavas 4', '2026-07-10T18:00:00Z', null, null, null, 'scheduled', null, null),
  ('wc2026-099', 99, 'quarterfinal', 'Quartas', null, null, null, 'Vencedor Oitavas 5', 'Vencedor Oitavas 6', '2026-07-11T15:00:00Z', null, null, null, 'scheduled', null, null),
  ('wc2026-100', 100, 'quarterfinal', 'Quartas', null, null, null, 'Vencedor Oitavas 7', 'Vencedor Oitavas 8', '2026-07-11T18:00:00Z', null, null, null, 'scheduled', null, null),
  ('wc2026-101', 101, 'semifinal', 'Semifinal', null, null, null, 'Vencedor Quartas 1', 'Vencedor Quartas 2', '2026-07-14T18:00:00Z', null, null, null, 'scheduled', null, null),
  ('wc2026-102', 102, 'semifinal', 'Semifinal', null, null, null, 'Vencedor Quartas 3', 'Vencedor Quartas 4', '2026-07-15T18:00:00Z', null, null, null, 'scheduled', null, null),
  ('wc2026-103', 103, 'third_place', '3o lugar', null, null, null, 'Perdedor Semifinal 1', 'Perdedor Semifinal 2', '2026-07-18T18:00:00Z', null, null, null, 'scheduled', null, null),
  ('wc2026-104', 104, 'final', 'Final', null, null, null, 'Vencedor Semifinal 1', 'Vencedor Semifinal 2', '2026-07-19T18:00:00Z', null, null, null, 'scheduled', null, null)
on conflict (external_id) do update set
  fifa_match_number = excluded.fifa_match_number,
  stage = excluded.stage,
  stage_label = excluded.stage_label,
  group_name = excluded.group_name,
  home_team_id = excluded.home_team_id,
  away_team_id = excluded.away_team_id,
  home_slot_label = excluded.home_slot_label,
  away_slot_label = excluded.away_slot_label,
  kickoff_at_utc = excluded.kickoff_at_utc,
  stadium = excluded.stadium,
  city = excluded.city,
  country = excluded.country,
  status = excluded.status,
  home_score = excluded.home_score,
  away_score = excluded.away_score;

delete from matches
where external_id is not null
  and not (external_id = any(array['wc2026-001', 'wc2026-002', 'wc2026-003', 'wc2026-004', 'wc2026-005', 'wc2026-006', 'wc2026-007', 'wc2026-008', 'wc2026-009', 'wc2026-010', 'wc2026-011', 'wc2026-012', 'wc2026-013', 'wc2026-014', 'wc2026-015', 'wc2026-016', 'wc2026-017', 'wc2026-018', 'wc2026-019', 'wc2026-020', 'wc2026-021', 'wc2026-022', 'wc2026-023', 'wc2026-024', 'wc2026-025', 'wc2026-026', 'wc2026-027', 'wc2026-028', 'wc2026-029', 'wc2026-030', 'wc2026-031', 'wc2026-032', 'wc2026-033', 'wc2026-034', 'wc2026-035', 'wc2026-036', 'wc2026-037', 'wc2026-038', 'wc2026-039', 'wc2026-040', 'wc2026-041', 'wc2026-042', 'wc2026-043', 'wc2026-044', 'wc2026-045', 'wc2026-046', 'wc2026-047', 'wc2026-048', 'wc2026-049', 'wc2026-050', 'wc2026-051', 'wc2026-052', 'wc2026-053', 'wc2026-054', 'wc2026-055', 'wc2026-056', 'wc2026-057', 'wc2026-058', 'wc2026-059', 'wc2026-060', 'wc2026-061', 'wc2026-062', 'wc2026-063', 'wc2026-064', 'wc2026-065', 'wc2026-066', 'wc2026-067', 'wc2026-068', 'wc2026-069', 'wc2026-070', 'wc2026-071', 'wc2026-072', 'wc2026-073', 'wc2026-074', 'wc2026-075', 'wc2026-076', 'wc2026-077', 'wc2026-078', 'wc2026-079', 'wc2026-080', 'wc2026-081', 'wc2026-082', 'wc2026-083', 'wc2026-084', 'wc2026-085', 'wc2026-086', 'wc2026-087', 'wc2026-088', 'wc2026-089', 'wc2026-090', 'wc2026-091', 'wc2026-092', 'wc2026-093', 'wc2026-094', 'wc2026-095', 'wc2026-096', 'wc2026-097', 'wc2026-098', 'wc2026-099', 'wc2026-100', 'wc2026-101', 'wc2026-102', 'wc2026-103', 'wc2026-104']::text[]));
